{"train_fape": [0.7977286969405862, 0.7885518242427715, 0.7861792844493297, 0.7844026025733667], "train_drmsd": [411.66216118633395, 370.48896597193675, 358.5515136219819, 354.7018278320579], "val_fape": [0.774666397545216, 0.7730593914442221, 0.7705143686169426, 0.769328711209649], "val_drmsd": [393.7649709471377, 377.5474155740263, 367.2371966857877, 363.43458815170413], "train_fape_epoch": [], "train_drmsd_epoch": [], "val_drmsd_epoch": []}