{"train_fape": [0.7736777224799709, 0.773613119194333], "train_drmsd": [NaN, NaN], "val_fape": [0.5642073177386996, 0.5641953703917929], "val_drmsd": [346.3892129938001, 351.0704463847072], "train_fape_epoch": [0.7406796265714808, 0.9867748677117497, 0.4943065650944529, 0.7430399622559224, 0.7399908523067545, 0.7410614771819131, 0.7390168715005896, 0.49428817352575893, 0.7414300138606422, 0.9865980624735893, 0.9861734948659844, 0.7357867325032934, 0.9894065427229596, 0.9900868291375344, 0.9896368826259532, 0.0, 0.9887893114046429], "train_drmsd_epoch": [484.65647181154384, 236.40343921138242, 455.5801749281584, 1005.9747773984056, 342.7349242138815, 212.8000107151134, 856.929036339072, 474.7221857303562, 541.2994720217158, 576.1308543866937, 380.43422206556556, 480.255315104951, 273.8940511197287, 712.5681152755183, 487.129897934411, NaN, 406.62094471000955], "val_drmsd_epoch": []}