{"train_fape": [0.823246675858149], "train_drmsd": [NaN], "val_fape": [0.8131700236992836], "val_drmsd": [732.7440841854531], "train_fape_epoch": [0.9894092294133996, 0.9898328276271744], "train_drmsd_epoch": [237.6728294795214, 389.4126729652195], "val_drmsd_epoch": []}