{"val_loss_curve": [0.744176922388618, 0.7441578922538752, 0.7441532506291975, 0.7440708594835732, 0.7441063288382005], "train_loss_curve": [0.8027818433602902, 0.802718139277629, 0.8026918038265084, 0.8026379813732201, 0.8025877450466233], "train_loss_curve_epoch": []}