{"val_loss_curve": [0.744176922388618, 0.7441578922538752], "train_loss_curve": [0.8027818433602902, 0.802718139277629], "train_loss_curve_epoch": [0.0, 0.990901075114549, 0.9965009909876881, 0.990851595276464, 0.9965090191190749, 0.9892716655718687]}