{"train_fape": [0.8103392061353489, 0.8102659304708488], "train_drmsd": [411.898373687275, 411.74497133623515], "val_fape": [0.7411365063760155, 0.7411331052331358], "val_drmsd": [325.4833610669222], "train_fape_epoch": [0.9904908530545218, 0.49268561541487577, 0.7409206107955439, 0.9897420227252214, 0.9809445168915965, 0.0, 0.9915950300258513, 0.7392811966415243, 0.7424669521506321, 0.7414749708664867, 0.9913140185034435, 0.742216216782323, 0.7453743179387416, 0.9909476140996705, 0.9854962613544085, 0.4958565002882641, 0.7432440000392831, 0.987950785238707, 0.9861387493429632, 0.7418209226832146, 0.9904687519072569, 0.9908235834835931, 0.9902644587778793, 0.7425663054600455, 0.0, 0.7446442833554513, 0.9907778773713306, 0.9925810691310363, 0.9922193653061442, 0.49586213324532696, 0.9862673056366056, 0.9899169342275322, 0.7453189176847712, 0.4934305195767198, 0.7414028954859708, 0.7441525133303719, 0.992057010584806, 0.9903532083048171, 0.9922713555521598, 0.9852975755748585], "train_drmsd_epoch": [250.52371893270032, 371.5011905904603, 314.44527586819027, 422.90004686976084, 674.2486137691503, 218.33523777891278, 279.2019484766495, 867.9150613742361, 531.3960433963738, 352.7851478691506, 329.0789108838626, 528.47927962352, 255.1430304733604, 308.45331348188625, 279.94223759572657, 514.1836568426603, 192.98805843106103, 283.6881256487265, 739.794135078276, 336.53534830647766, 319.68597619498695, 663.8778283556721, 257.0464133570914, 508.71950095877605, 363.3234077003856, 326.7687615671079, 406.59326545240106, 377.0057099299874, 314.88865521854024, 602.719887378994, 370.6610297956215, 283.1716325010338, 494.77829432307783, 270.63963838937485, 268.11137904735506, 258.9465816505583, 294.1401478940394, 470.17834671996826, 413.82161551439935, 1153.182400208898], "val_drmsd_epoch": [360.6573846789249, 335.7416798313293, 351.0345286145591, 466.6164089115136, 292.3281994759666, 146.56734040110445]}