{"train_fape": [0.8103392061353489, 0.8102659304708488], "train_drmsd": [NaN, NaN], "val_fape": [0.7411365063760155, 0.7411331052331358], "val_drmsd": [NaN, NaN], "train_fape_epoch": [0.9904881047425849, 0.49268590979914517, 0.7409171997113588, 0.9897376634332352, 0.980947163138209], "train_drmsd_epoch": [250.5018243016709, 371.67944663780054, 314.4526326698575, 423.0017332716144, 674.2682579811922], "val_drmsd_epoch": []}