{"train_fape": [0.8103392061353489, 0.8102659304708488, 0.8102412906754152], "train_drmsd": [416.74877127308093, 416.59212671522926, 418.80047700267096], "val_fape": [0.7411365063760155, 0.7411331052331358, 0.741095265898888], "val_drmsd": [341.7215131845721, 341.7313791786756, 344.281998854151], "train_fape_epoch": [0.990444923046331, 0.492660669827842, 0.7408543497533555, 0.9896863828621065, 0.9808765907961065], "train_drmsd_epoch": [252.8516480683295, 375.42024678451, 316.2061520611244, 422.89022885272345, 675.4001703268748], "val_drmsd_epoch": []}