{"train_fape": [0.7837893247225525, 0.7837366447290764, 0.7837051737266121, 0.7836869960991594, 0.7826271255439586, 0.7765737530556075, 0.7749635330102668, 0.7747311357132936, 0.7734165389786458, 0.7738493710999653, 0.7729668747141396, 0.7721494215326269, 0.7728289975995356, 0.7717617775199832, 0.7708639332066557, 0.7709789826334243, 0.7702998628469464, 0.7701257336609896], "train_drmsd": [221.41092072615263, 221.3074926376415, 221.57079185047095, 225.16401074374446, 222.09637769867615, 214.08801611057564, 211.4694232148872, 209.7988931135097, 207.9797322018833, 210.9390549374302, 209.91248636751598, 205.82268544393517, 206.54777453198983, 204.9023899544759, 203.66800557173778, 206.3490945554149, 201.57582915757067, 199.3799892309338], "val_fape": [0.9918186539016871, 0.991751162683056, 0.9916646008654415, 0.9916914239273122, 0.9850118982632413, 0.9812625807395952, 0.9813391106782863, 0.9799952015343556, 0.9790894570868988, 0.9803863161462092, 0.9786532068079341, 0.9787716490160926, 0.9778767968349085, 0.9764905239712856, 0.9766207221305185, 0.977025492222453, 0.9759439551689845, 0.9752243938270058], "val_drmsd": [215.38829395629799, 215.5794153900791, 219.41875366696354, 225.29976727575294, 209.01187568338958, 207.69634591585216, 206.46353650728585, 203.7954721053137, 205.72070668014, 205.9041321132976, 201.67393100449195, 200.3630879570064, 201.70527985051243, 198.04343907286386, 198.37469351871434, 200.29265890934232, 191.90091111204916, 188.68177550941846], "train_fape_epoch": [0.0, 0.0, 0.9522633990101625, 0.0, 0.9849335763284852, 0.0, 0.9581302726671719, 0.9763517349670573, 0.0, 0.9812195288024107, 0.9843015245673331, 0.9644494199383412, 0.9642298995657713, 0.9771033505576103, 0.9503541377596799, 0.9784034735934772, 0.9861249235608087, 0.0, 0.9872126123253973, 0.9744985459971147, 0.977351484747742, 0.9720985265138398, 0.9635850880211203, 0.9739391744252275, 0.9416748477929424, 0.979120308472095, 0.9764889476840583, 0.9759477980369731, 0.9710356045995938, 0.9732140377490784, 0.9820567823953437, 0.0, 0.9672925851798566, 0.9606469097594149, 0.9741077081342328, 0.9773710832734659, 0.977003595396803, 0.9720339297000207, 0.0, 0.9629980862453968, 0.9845580761261294, 0.9897193150628498, 0.0, 0.974281847318371, 0.0, 0.9771806488051107, 0.9600407485265943, 0.9691547929117317], "train_drmsd_epoch": [113.233459892969, 250.870743482492, 193.55081132367025, 256.3773590368136, 179.36278232723498, 130.66668104459973, 235.56807888169558, 216.85842078893572, 135.29457520284305, 177.99046742539093, 184.22633584299203, 120.73681665026315, 145.89304628342515, 170.67928437582134, 140.84798650033102, 224.96186087808954, 306.4238347460644, 449.37888876556434, 313.08635043787416, 136.54416877361908, 132.05199184039327, 156.19382532375784, 97.4331195138728, 151.91408991817215, 219.85327224255644, 178.3671140549922, 168.90831695573118, 134.45984022458921, 145.09103041337875, 137.54024772277978, 166.65062329433903, 95.78345816251912, 150.57269040980538, 185.06443647203915, 164.89117669027388, 148.43506143792408, 152.6483782251977, 124.21679688768789, 0.0, 199.6293018988481, 178.86411099662044, 1223.4670118922222, 165.3512475559194, 139.24317242143516, 207.93704568972683, 134.2506655489404, 127.80914634697159, 163.35429788620846], "val_drmsd_epoch": []}