{"val_loss_curve": [0.7991102983558569, 0.7937477094880317, 0.7935766770599727, 0.7921114736549805, 0.7920355041644733, 0.7910521024812504, 0.7905066536144238, 0.7901915717086819, 0.7898604667347779, 0.7895194439412405, 0.7893924201357592, 0.7900730492220152, 0.7897333721226064, 0.7894964333307636], "train_loss_curve": [0.8846477655411243, 0.8768527365512415, 0.8751741229302117, 0.8744031189564295, 0.8740150428135998, 0.8728541509373218, 0.8719953478182437, 0.8715289423248769, 0.8713448033521609, 0.8705634671527099, 0.871337367667246, 0.8712058182775007, 0.8716938992413343, 0.8710025123953554], "train_loss_curve_epoch": []}