{"train_fape": [0.7285758392049343, 0.7213048098468859, 0.6985384078285591], "train_drmsd": [8.541194518768675, 8.523343609426698, 8.491718136197951], "val_fape": [0.9290575435776468, 0.9209925451089288, 0.8682968903062621], "val_drmsd": [6.121202174822787, 6.060027113912784, 6.073139267700664], "train_fape_epoch": [0.0, 0.0, 0.9062523909114009, 0.0, 0.8278611418999908, 0.0, 0.9332213351441276, 0.923466057017887, 0.0, 0.7964746275088741, 0.9175259844094747, 0.7388054850312898, 0.7594577036686785, 0.7692743431144765, 0.8807458433487393, 0.8351119325729158, 0.960305361809674, 0.0, 0.9585475226718388, 0.8048323887574553, 0.8109564987904753, 0.8310568117128465, 0.7480628026412337, 0.5993057602977798, 0.8181489678598326, 0.9099533205433129, 0.9253707298714424, 0.7569702246899879, 0.7480425236095438, 0.8257991888450749, 0.8207470165568824, 0.0, 0.851649080030312, 0.8902884909698391, 0.8176757911667919, 0.8006544789414424, 0.8404666676484234, 0.7223175350834143, 0.0, 0.9175831319454018], "train_drmsd_epoch": [1.7499980706003395, 15.12044859687991, 11.296955355027283, 14.763201610200111, 2.2975965482902003, 5.570197189685623, 13.61870824456451, 8.24393455347199, 1.488979310385673, 4.281044695084728, 5.443694722255277, 2.3847482793230066, 6.1040000988516505, 4.994199075069739, 4.703321580974341, 12.757883608342466, 15.530918071270975, 30.29226380670293, 15.660399829384524, 2.90938751464094, 2.3697400089902088, 4.2802878418602885, 1.9844515764541049, 1.0010791623190207, 6.639216809384829, 8.953665183258678, 9.994871775146448, 1.5951494899772545, 2.8616467246845754, 3.1853119407227006, 3.343127608041421, 1.7301609352341571, 6.495191183035515, 11.03821382745619, 2.7893145309304184, 2.737707525506361, 4.593864469693693, 1.9529191776918675, 0.0, 11.252677913397891], "val_drmsd_epoch": []}