{"train_fape": [], "train_drmsd": [], "val_fape": [], "val_drmsd": [], "train_fape_epoch": [0.0, 0.0, 0.98003306772393, 0.0, 0.9951068836575484, 0.0], "train_drmsd_epoch": [142.81110372263745, 269.87411824180134, 200.67523712039662, 273.0239501658012, 202.43208700530568, 160.239301835466], "val_drmsd_epoch": []}