{"train_fape": [0.7837815976959467, 0.7837149235176466], "train_drmsd": [221.49680465156743, 226.33226442248406], "val_fape": [0.9917426513826557, 0.9917514015421612], "val_drmsd": [219.60313114730138, 215.7336651154334], "train_fape_epoch": [], "train_drmsd_epoch": [], "val_drmsd_epoch": []}