{"train_fape": [0.8594114627351443], "train_drmsd": [NaN], "val_fape": [0.7073585284164409], "val_drmsd": [232.11057274375239], "train_fape_epoch": [0.9949025518395542, 0.0, 0.983941552504412, 0.9922753168603079, 0.0, 0.9839789034349311, 0.9874494649553026, 0.9833745602300157, 0.9929093969616496, 0.981807275660164, 0.9905532960096509, 0.9939170461570077, 0.9918224055273213, 0.9932490425171324, 0.9936456635458992, 0.9937675178574239, 0.9792826667335188, 0.0, 0.9911544913943231, 0.0, 0.989898386347912, 0.98839067362343, 0.9888610859819187, 0.9932804341472121, 0.9806227345870684, 0.9923234258648594, 0.9867197483830137, 0.9904263698381235, 0.9887734041090738, 0.9761482341601546, 0.9918490069580137, 0.9941227600078355, 0.9945515563339431, 0.9926570750546151, 0.9876115804584296, 0.0, 0.0, 0.995043555534423, 0.9915106904140361, 0.9873079003435696, 0.9942502111540495, 0.9911790083624221, 0.9938895112923525, 0.993273779789644, 0.9946817718844739, 0.9940364570988434, 0.9939457675974299, 0.9926988998259771, 0.9877474943853249], "train_drmsd_epoch": [219.32836535169758, 147.07640642115948, 199.2504344426393, 218.65528714425528, 168.34307622173407, 192.9967796239487, 182.88230447974186, 168.7585243023496, 243.6859229702691, 172.4588736340843, 315.0095601040375, 361.50745469214496, 257.6382322259801, 232.42992585424574, 214.73663609986488, 292.455663325357, 140.7481255959068, 198.15131795192033, 207.21665615732394, 185.26833697954186, 197.10548380437265, 205.14965151493698, 191.11422726761472, 200.52455564825354, 297.0837635590291, 207.61465213127204, 146.45210503782522, 193.28531359244073, 180.48792690708598, 184.36428141389962, 218.23749371806196, 293.19504513999107, 195.02064758446093, 199.8053142591952, 162.71520668615526, 203.00193246512552, 178.8161768837108, 260.29122769760335, 189.44859893264768, 214.93080872028108, 288.3124411625446, 353.42535249976567, 290.1813304903623, 223.97093354126199, 217.77877244566247, 221.1653343835123, 215.70198505262044, 186.00440318678028, 377.7069609314825], "val_drmsd_epoch": []}