{"train_fape": [], "train_drmsd": [], "val_fape": [], "val_drmsd": [], "train_fape_epoch": [0.0, 0.0, 0.9800330515273288, 0.0, 0.9951115204290929, 0.0, 0.9846876350964815, 0.9919993579455553, 0.0, 0.9935594092724005, 0.9939205285163011, 0.9874835418155872, 0.9891249394924029, 0.9922337656400781, 0.9818448940129001, 0.9923977274574081, 0.994396875634025, 0.0, 0.9949687983301413, 0.9893316184662758, 0.9921455827922594, 0.9892246671640446, 0.9875952917809228, 0.9911199798566439], "train_drmsd_epoch": [142.81110372263745, 269.87411824180134, 200.67523712039662, 273.0219940434913, 202.4305191406894, 160.22992057261865, 251.69319481503982, 233.72053532604707, 170.94413897015124, 198.1740097630368, 209.0117425917031, 156.21601868823294, 170.71445651986465, 198.67084619432197, 169.0258551936758, 250.02238704312532, 324.97526857876386, 464.50240706395874, 322.12458209212696, 179.3264500170933, 168.36859092552234, 186.7683918949485, 147.661034950398, 180.52982696346234], "val_drmsd_epoch": []}