{"train_fape": [0.7837894875330865, 0.7837084216955525, 0.7836888257908033], "train_drmsd": [221.30946513032987, 224.64534895642433, 221.4488154214619], "val_fape": [0.9918068259012687, 0.9917097653885053, 0.9916446227073259], "val_drmsd": [215.41673379331067, 215.6471123510713, 220.14897462659223], "train_fape_epoch": [], "train_drmsd_epoch": [], "val_drmsd_epoch": []}