{"train_fape": [0.7667418162257736], "train_drmsd": [NaN], "val_fape": [0.8481180936820527], "val_drmsd": [476.7889242185158], "train_fape_epoch": [0.4912670024976247, 0.7423042527256519, 0.0, 0.7414682858184674, 0.9917068040161767, 0.7436821796833356, 0.4953138675093436, 0.7425946227551218, 0.7444288744678585, 0.9897072094076584, 0.9905073791147408, 0.491790928027816, 0.9864967571805539, 0.7415374594987058, 0.7407476082747171, 0.9925462670053041, 0.7394842201232694, 0.7446834555685986, 0.9902078407698223, 0.9875449620058881, 0.7399326171874754, 0.49502376387110375, 0.7403125260318625, 0.7451845130599001, 0.992433483155518, 0.991468496859403, 0.7418580913445714, 0.991949014907541, 0.0, 0.7400539556128707, 0.7402350520329959, 0.7448003132834108, 0.9849210527539025, 0.7421435752049064, 0.740552965411504, 0.9897769702104927, 0.7439795358391608, 0.7445455296161378, 0.4955381859710047, 0.4932567425598029, 0.7393683153547788, 0.9906114690356362, 0.7401567629308983, 0.9916824328992545, 0.9883876176556369, 0.9905682557796041, 0.7438288541990474, 0.9922496960271086, 0.990332230598793, 0.9873444760580969, 0.49225951709658267, 0.7432611378020783, 0.7419132884891287, 0.4928283063043708, 0.49374020389587503, 0.7388664935953442, 0.9892021256538592], "train_drmsd_epoch": [450.50387998301125, 592.3480131856039, NaN, 389.90496142798145, 252.64579486763205, 322.60160316518056, 418.0525003058186, 469.5633764359867, 430.04996214153016, 356.80566261727836, 866.854848757346, 2217.1820963833075, 729.8440425491602, 372.0190170902342, 281.5709517385786, 255.77812873501045, 287.39082767369655, 600.7059128347278, 447.72953613717317, 352.14330498021104, 370.9464103262127, 971.7261227830397, 841.8073827541613, 431.2549186981645, 662.7545558148753, 290.38777928427993, 343.30744957279023, 455.44451571335605, NaN, 372.80089697579933, 437.54317564693383, 502.0274584228364, 316.528328125039, 271.81393248522454, 234.9085608066785, 429.8360862945643, 293.189901679766, 176.93343658378907, 508.790714744191, 382.52110278850535, 813.2102975069703, 402.58009566894924, 325.10549419558083, 235.85305741100487, 310.24635668156895, 782.4491505361743, 2219.331871266774, 236.2050893439894, 379.9307511888261, 354.17220596680386, 453.1388130860073, 524.5369437685331, 208.66384287504914, 525.9332159337972, 262.58185493825374, 414.7193402515379, 670.2919225379685], "val_drmsd_epoch": []}