{"train_fape": [], "train_drmsd": [], "val_fape": [], "val_drmsd": [], "train_fape_epoch": [0.0, 0.0, 0.9800330514346686, 0.0, 0.9951072264840273, 0.0, 0.9846855434798999, 0.9919947927087269, 0.0], "train_drmsd_epoch": [142.81110372263745, 269.87411824180134, 200.67523712039662, 273.0233522265691, 202.43037729984033, 160.2408985460838, 251.61490787001227, 233.73184372729168, 170.9199261343833], "val_drmsd_epoch": []}