{"train_fape": [0.8074222743748565, 0.8073512882574068], "train_drmsd": [NaN, NaN], "val_fape": [0.8353227583964431, 0.8352927504119917], "val_drmsd": [709.5204333568189, 710.7831627663566], "train_fape_epoch": [0.9896157601085471, 0.9915647932964677, 0.8654705507166397, 0.741317227502758, 0.7426585365366348, 0.9907927566412114, 0.7416917275380797, 0.7426739448811499, 0.8671595953057959, 0.8664735028348585, 0.8657531215412206, 0.9888977730835865, 0.7430382470619101, 0.0, 0.8675159150772626, 0.7434890205211181, 0.9868141082039543, 0.989707767522113, 0.740774545105274, 0.988134541016529, 0.6194256658934284, 0.7438789046406813, 0.7417845394238309, 0.6179087788540658, 0.9903377105510326, 0.8234407228953398], "train_drmsd_epoch": [492.8416014201067, 419.8862630326464, 593.2459348753639, 396.5550588250024, 568.5385964407859, 575.3498075867601, 421.07331137850304, 361.6342452982491, 388.25663363583215, 681.6130338290765, 374.16203377550613, 412.1449709727667, 576.7427170759577, NaN, 388.03865820672763, 413.3889890664254, 614.7973773894629, 442.686164623173, 757.6279216795856, 423.38870433375615, 647.7893536684078, 284.92139471473894, 368.5832356693184, 396.54153103487886, 339.4126576075336, 346.4409271646698], "val_drmsd_epoch": []}