{"train_fape": [0.7414658428624905, 0.7404788736411132, 0.7385963504795827, 0.7313815532102015, 0.7219954142654619, 0.7121598824383747, 0.7071819137693465, 0.7047452828571535, 0.7034022156100472, 0.7017215370582657, 0.6996432121398125, 0.6966499515567313, 0.6958066149736168, 0.6914993712014448], "train_drmsd": [22.0289910240202, 22.007273627144436, 22.007631093959496, 21.98521382613978, 21.965038410067766, 21.958354130052637, 21.934736844931358, 21.868913281557138, 21.792552844340033, 21.699998000870906, 21.519119775667306, 21.342991946366123, 21.10089162960252, 20.930920418940822], "val_fape": [0.9286201935685079, 0.9277073284699663, 0.9207032802736325, 0.908506337139322, 0.8885746965951605, 0.8783316639059318, 0.873628632626391, 0.8705816529456204, 0.8683977719264324, 0.8632162528850824, 0.8561231478183962, 0.8533159112994309, 0.8457340393365176, 0.8458852837734725], "val_drmsd": [13.641901788356455, 13.678576819977883, 13.664526393891046, 13.579760002544418, 13.602924298007016, 13.532322757270029, 13.506588983967688, 13.360422456815138, 13.27765206304023, 12.994919619090089, 12.634960191883428, 12.34957676743428, 12.014133912604663, 11.735458582436145], "train_fape_epoch": [0.6142159667673457, 0.8779178509237295, 0.43820556449931, 0.6825554309847361, 0.8677708436348461, 0.6274429362861667, 0.8310776257218959, 0.8678553617474161, 0.7116052512466002, 0.0, 0.8461484711016035, 0.2108960516088603, 0.8615636560650286, 0.6599598213995355, 0.8104942568537756, 0.8488530549624682, 0.43759439349826507, 0.8918755629566928, 0.8123040094856946, 0.9058830337153648], "train_drmsd_epoch": [15.15968928732488, 12.706582681603118, 8.08513896386247, 64.32793313051495, 12.881663508816176, 15.544987458740925, 20.83354841645185, 13.86886805292743, 19.178909781921543, 13.695102462610006, 8.714501222489764, 36.66369016344599, 14.078583211378769, 57.53875620327631, 12.972507002084702, 12.11938281126356, 24.45808412564524, 22.89308931251876, 9.688211102462656, 20.24279905199338], "val_drmsd_epoch": []}