{"train_fape": [0.6964463109561315, 0.6675841942919957], "train_drmsd": [22.466415120533114, 21.85198207246746], "val_fape": [0.6729172423957618, 0.6582691562327997], "val_drmsd": [20.972184042361782, 20.921295725126722], "train_fape_epoch": [], "train_drmsd_epoch": [], "val_drmsd_epoch": []}