{"train_fape": [], "train_drmsd": [], "val_fape": [], "val_drmsd": [], "train_fape_epoch": [0.0, 0.0, 0.980035700803997], "train_drmsd_epoch": [142.81110372263745, 269.87411824180134, 200.67523712039662], "val_drmsd_epoch": []}