{"train_fape": [0.7977286969405862, 0.7885518242427715, 0.7861792844493297, 0.7844026025733667, 0.7834659656645819, 0.7836065764860146, 0.7837378535663565, 0.7834952172083035, 0.7827942239845272, 0.782204825485836, 0.7820356649410745, 0.7816090628634805, 0.7813114364331913, 0.7811594464875445, 0.7808797760388291, 0.7805931588539227, 0.7812395804421505, 0.7811001318677085, 0.7805568146703095, 0.7803244361017528, 0.7802019641291044, 0.7808277024812412, 0.7800786273795667, 0.780487854953371, 0.7802192275749475, 0.7849198718059814, 0.7885180315191401, 0.7815284922151642, 0.780577010018363, 0.7803020654080585, 0.7801596845528446, 0.7784397935282017, 0.7767735704740757, 0.7760547641357262, 0.7747148335038062, 0.7734612593862811, 0.7727477044827638, 0.7727553923564159, 0.7715278418325364, 0.7698622360700356, 0.7696412532271841, 0.7684343821676539, 0.767919226951234, 0.7674458217507085, 0.7657714546322683, 0.7790006682155264, 0.8139814251523145], "train_drmsd": [411.66216118633395, 370.48896597193675, 358.5515136219819, 354.7018278320579, 351.5295650332271, 351.48847902839515, 354.6415886438695, 353.90434484401544, 351.89115251019103, 349.04874970964346, 347.12326104902735, 345.40938047136905, 344.3104056633557, 343.32201512095986, 341.92375904415894, 341.24314438171643, 342.4922847044492, 339.5235713898968, 338.9890428157854, 340.31639964072053, 339.51458325234285, 339.2151933142035, 339.4202817558417, 339.41163442923977, 338.98114418926536, 341.89697610290256, 344.3528365374951, 341.52442795790273, 339.445703583776, 339.4183893266858, 339.0945040761849, 338.55756761978137, 338.335689514806, 338.66212000232633, 338.6359226698792, 338.54868587458105, 339.01087965924734, 340.63433251083904, 339.9952403535476, 339.2644951072305, 338.63387447470114, 338.72567373621763, 339.2453559477804, 339.89580829160167, 338.888544409861, 397.26828813822993, 709.3541619550273], "val_fape": [0.774666397545216, 0.7730593914442221, 0.7705143686169426, 0.769328711209649, 0.7687729669150455, 0.7694804128415922, 0.768899457752804, 0.7690397369755363, 0.7682381277278844, 0.768835029947843, 0.7673319865154679, 0.7671115703876303, 0.7671941465523112, 0.7670514211785409, 0.766614720082808, 0.76645145911338, 0.7686436164336033, 0.7665556765573124, 0.7658987585726812, 0.766065545349917, 0.765612675968227, 0.7654665348254966, 0.76543679151861, 0.7658728584247271, 0.7650461089263446, 0.7971455934518223, 0.7684725785926159, 0.766279774548059, 0.7654086375067123, 0.7657893715892199, 0.7651316682209298, 0.7631811523589888, 0.7606683297131208, 0.7599805588984025, 0.7593853639328455, 0.7561737403910713, 0.756703063254511, 0.7566422509754935, 0.7551624673803587, 0.7525372935801989, 0.7510209760575965, 0.7506509603571225, 0.750913056088549, 0.7479741826549696, 0.7616174877850165, 0.8003921372277808, 0.8003814856054146], "val_drmsd": [393.7649709471377, 377.5474155740263, 367.2371966857877, 363.43458815170413, 362.018819224118, 368.1753563724739, 366.32988950220494, 367.1948295870103, 363.3952572972337, 361.0885280580844, 358.16295509982643, 358.17931209219677, 356.9978316079005, 354.542721101294, 354.09274040433525, 354.5126502128802, 352.33463898943353, 351.7530662419318, 352.6513002047077, 352.8641049012189, 351.05625694087115, 352.1794087724751, 351.37539628514304, 351.61111842298146, 350.19024030341114, 375.2245808552585, 353.7283727031723, 352.50049348512584, 352.64182244835257, 351.8438717339051, 350.2584360388575, 351.2615715752329, 351.59058808445417, 350.47432263089, 351.07734372526414, 350.15554529709556, 352.34193640506845, 354.2572487641948, 351.9999146807223, 351.42389986566207, 352.227425396757, 350.9491474937644, 351.0930209576878, 351.7109691535625, 351.03573451707643, 871.7249726300822, 1108.5854850952505], "train_fape_epoch": [], "train_drmsd_epoch": [], "val_drmsd_epoch": []}