{"train_fape": [0.8846477655411243, 0.8768527365512415, 0.8751741229302117, 0.8744031189564295, 0.8740150428135998, 0.8728541509373218, 0.8719953478182437, 0.8715289423248769, 0.8713448033521609, 0.8705634671527099, 0.871337367667246, 0.8712058182775007, 0.8716938992413343, 0.8710025123953554, 0.870943380895013, 0.8705233020880299, 0.8704813482031932, 0.8698935195909074, 0.869091516593713, 0.8689318294636317, 0.8696294913230589, 0.8694340267416469, 0.8686291174565778, 0.8687958928554042, 0.8685894393988561, 0.8678286078940127, 0.8675320163785433, 0.8675699216487188, 0.8677437481491742, 0.8674005069853132, 0.8671047737821165, 0.86617429617219, 0.8660552265677733, 0.8658876375608858, 0.8652372596290746, 0.8659195331467867, 0.8655620696668614, 0.8654805322004853, 0.8646541700336553, 0.8637692692262665, 0.8636904864761943, 0.8628994776305735, 0.8645812995878313, 0.8637570055030871, 0.8646756910412547, 0.8642084055690078, 0.8634849984399333, 0.8629662842665373, 0.8621656382668627, 0.8623479171406653, 0.8615972562489399, 0.8611878229562561, 0.8615078760660034, 0.8616245503063746, 0.861117581207891, 0.8613378002873435, 0.8603414425813255, 0.8596516251835671, 0.860596093821868, 0.8600541703851574, 0.8596488486062984, 0.8604082251833572], "train_drmsd": [NaN, NaN, NaN, NaN, NaN, NaN, NaN, NaN, NaN, NaN, NaN, NaN, NaN, NaN, NaN, NaN, NaN, NaN, NaN, NaN, NaN, NaN, NaN, NaN, NaN, NaN, NaN, NaN, NaN, NaN, NaN, NaN, NaN, NaN, NaN, NaN, NaN, NaN, NaN, NaN, NaN, NaN, NaN, NaN, NaN, NaN, NaN, NaN, NaN, NaN, NaN, NaN, NaN, NaN, NaN, NaN, NaN, NaN, NaN, NaN, NaN, NaN], "val_fape": [0.7991102983558569, 0.7937477094880317, 0.7935766770599727, 0.7921114736549805, 0.7920355041644733, 0.7910521024812504, 0.7905066536144238, 0.7901915717086819, 0.7898604667347779, 0.7895194439412405, 0.7893924201357592, 0.7900730492220152, 0.7897333721226064, 0.7894964333307636, 0.7893465865856915, 0.7890590427826462, 0.7886616483839763, 0.7881371302974891, 0.7872922798313458, 0.7872165661928742, 0.7891652775162253, 0.7876996981107135, 0.7871052969425667, 0.7888289663555352, 0.7859569018393975, 0.7859650216007019, 0.785984228129896, 0.7864854693377592, 0.7863322912724046, 0.785451295271238, 0.7842025478326682, 0.7845007667120755, 0.7848426356651614, 0.7841355720616303, 0.7839186233797939, 0.7837284425884953, 0.7840998581786348, 0.7840041778159799, 0.782963767204345, 0.7821865998894002, 0.7824450297919607, 0.7822296472006134, 0.7830845731090292, 0.7846866703840177, 0.7841033167761909, 0.7830912697574084, 0.7821183086247508, 0.7816089718164163, 0.7811850574044509, 0.7820909004857551, 0.7812725341157057, 0.7813111412429838, 0.78119963476359, 0.781244471983392, 0.7810903663464887, 0.7811652079607448, 0.7805839975035612, 0.779936818592369, 0.7808030729928688, 0.7796290640412217, 0.7800959555628292, 0.7804894914247414], "val_drmsd": [206.35394481830346, 201.68583488700938, 200.52963238724683, 198.6735063302536, 201.48157561648216, 198.84331749141776, 197.84932418990397, 198.71391072779915, 197.46432382988647, 194.36781976497494, 197.46677472740362, 199.2078780133425, 194.32856103922546, 192.48425139799087, 197.4756265706738, 195.18905694999648, 190.93653687615202, 195.53747575810831, 192.50716969405704, 191.9981776406503, 184.68133125489524, 184.04550812529197, 177.28375508628733, 169.91840260279804, 175.7716343104164, 168.6298613827914, 170.41871268907798, 165.5294319697679, 166.3897779166561, 160.21259888986398, 158.19132245436614, 152.6780490034574, 141.1849008606461, 140.77852250203438, 146.8992609115808, 153.9626778256342, 154.5826874311918, 148.4842022431161, 143.53958624798875, 127.4791904254515, 131.72422364575266, 124.48838996775149, 127.46405298734362, 129.89575704915245, 142.5161236730089, 122.60734228101407, 126.3751274110278, 87.91266548336453, 95.03879718330212, 93.78238866019167, 104.97357010941877, 102.83736975217607, 108.27418597494744, 92.54089628286899, 93.43703594014332, 85.86306648872335, 72.52778074101161, 74.87692989206604, 69.028951658878, 70.01835991455339, 72.34700031832257, 73.01135387635456], "train_fape_epoch": [], "train_drmsd_epoch": [], "val_drmsd_epoch": []}