{"train_fape": [0.8500683083077896, 0.8499825720492471, 0.8495807203179874, 0.8428716695606993], "train_drmsd": [NaN, NaN, NaN, NaN], "val_fape": [0.7073750838031911, 0.7073669678073902, 0.7036071580161929, 0.7003496558250168], "val_drmsd": [275.7775628795749, 276.1374131509953, 272.56412750410294, 271.98676639844933], "train_fape_epoch": [0.4951280549779654, 0.9748198648328426, 0.48392363450166376, 0.9714118810219375, 0.9717990372254779, 0.9852477139212656, 0.9866982199524866, 0.9882658384441377, 0.47576467977473436, 0.4914854162500859], "train_drmsd_epoch": [165.8444922615582, 420.7226390378521, 312.0234939564024, 291.4695584240971, 281.09047496826037, 385.0626988653041, 305.66644617751126, 241.09644340703687, 513.3784617932805, 441.98555440524893], "val_drmsd_epoch": []}