{"train_fape": [0.7959325774184669], "train_drmsd": [413.24260404438957], "val_fape": [0.7889943181289214], "val_drmsd": [398.8727180795386], "train_fape_epoch": [], "train_drmsd_epoch": [], "val_drmsd_epoch": []}