{"train_fape": [0.6873288081782749], "train_drmsd": [24.54131647557922], "val_fape": [0.9242636701543323], "val_drmsd": [], "train_fape_epoch": [0.9154043182067685, 0.6931467141554566, 0.4624789993705949, 0.9465132759563506, 0.4539778318584615, 0.9189055178510576, 0.9100483580515224, 0.8891407705748188, 0.922703095062325, 0.6938090687978329, 0.4418177482541105, 0.0], "train_drmsd_epoch": [12.520685639462053, 15.20205122013745, 48.446265981267274, 11.489053433467012, 99.90646346156586, 13.117115144555635, 12.265070695764905, 19.263318014122326, 10.055015980325258, 19.46487837644044, 14.134896217028446, 18.630983542813958], "val_drmsd_epoch": [16.236648610268034, 21.53889965785654]}